{"cameraMode":{"drawMode":0,"name":"Shaded","section":"Shading Mode"},"sceneLighting":false,"audioPlay":false,"sceneViewState":{"m_AlwaysRefresh":false,"showFog":true,"showSkybox":false,"showFlares":true,"showImageEffects":true,"showParticleSystems":true,"showVisualEffectGraphs":true,"m_FxEnabled":false},"in2DMode":false,"pivot":{"x":-0.6901724934577942,"y":1.633361577987671,"z":2.129441261291504},"rotation":{"x":-0.005918245296925306,"y":-0.9871420860290527,"z":0.15525579452514649,"w":-0.03763008117675781},"size":3.4851081371307375,"orthographic":true}